est_x,est_y,odom_x,odom_y,gt_x,gt_y,cov_x,cov_y,cov_xy,cov_yx,heading_cmd,speed_cmd,heading,speed,setpoint_x,setpoint_y
nan,nan,5.801778115710476e-06,0.0001034119923133403,5.801778115710476e-06,0.0001034119923133403,nan,nan,nan,nan,0.0,0.0,0.0,0.0,0.5,0.5
nan,nan,8.139269993989728e-06,0.00015646606334485114,8.139269993989728e-06,0.00015646606334485114,nan,nan,nan,nan,0.0,0.0,0.0,0.0,0.5,0.5
nan,nan,8.249946404248476e-06,0.00015981595788616687,8.249946404248476e-06,0.00015981595788616687,nan,nan,nan,nan,0.0,0.0,0.0,0.0,0.5,0.5
nan,nan,9.45811734709423e-06,0.00017011672025546432,9.45811734709423e-06,0.00017011672025546432,nan,nan,nan,nan,0.0,0.0,0.0,0.0,0.5,0.5
nan,nan,9.664840945333708e-06,0.00017290031246375293,9.664840945333708e-06,0.00017290031246375293,nan,nan,nan,nan,0.0,0.0,0.0,0.0,0.5,0.5
nan,nan,9.491085620538797e-06,0.00017591202049516141,9.491085620538797e-06,0.00017591202049516141,nan,nan,nan,nan,0.0,0.0,0.0,0.0,0.5,0.5
nan,nan,1.028276437864406e-05,0.00018844073929358274,1.028276437864406e-05,0.00018844073929358274,nan,nan,nan,nan,0.0,0.0,0.0,0.0,0.5,0.5
nan,nan,1.0958786333503667e-05,0.00019883440108969808,1.0958786333503667e-05,0.00019883440108969808,nan,nan,nan,nan,0.0,0.0,0.0,0.0,0.5,0.5
nan,nan,1.0232847671431955e-05,0.00020021185628138483,1.0232847671431955e-05,0.00020021185628138483,nan,nan,nan,nan,0.0,0.0,0.0,0.0,0.5,0.5
nan,nan,1.0758696589618921e-05,0.00020595775276888162,1.0758696589618921e-05,0.00020595775276888162,nan,nan,nan,nan,0.0,0.0,0.0,0.0,0.5,0.5
nan,nan,1.2829306797357276e-05,0.00022045226069167256,1.2829306797357276e-05,0.00022045226069167256,nan,nan,nan,nan,0.0,0.0,0.0,0.0,0.5,0.5
nan,nan,1.2613376384251751e-05,0.00021830892364960164,1.2613376384251751e-05,0.00021830892364960164,nan,nan,nan,nan,0.0,0.0,0.0,0.0,0.5,0.5
nan,nan,1.270049142476637e-05,0.00022249178437050432,1.270049142476637e-05,0.00022249178437050432,nan,nan,nan,nan,0.0,0.0,0.0,0.0,0.5,0.5
nan,nan,1.3340384612092748e-05,0.00022840457677375525,1.3340384612092748e-05,0.00022840457677375525,nan,nan,nan,nan,0.0,0.0,0.0,0.0,0.5,0.5
nan,nan,1.3387005310505629e-05,0.00023257821158040315,1.3387005310505629e-05,0.00023257821158040315,nan,nan,nan,nan,0.0,0.0,0.0,0.0,0.5,0.5
nan,nan,1.3574800505011808e-05,0.00023785974190104753,1.3574800505011808e-05,0.00023785974190104753,nan,nan,nan,nan,0.0,0.0,0.0,0.0,0.5,0.5
nan,nan,1.4623494280385785e-05,0.00023661047453060746,1.4623494280385785e-05,0.00023661047453060746,nan,nan,nan,nan,0.0,0.0,0.0,0.0,0.5,0.5
nan,nan,1.5303623513318598e-05,0.000240014647715725,1.5303623513318598e-05,0.000240014647715725,nan,nan,nan,nan,0.0,0.0,0.0,0.0,0.5,0.5
nan,nan,1.5409437764901668e-05,0.0002422498509986326,1.5409437764901668e-05,0.0002422498509986326,nan,nan,nan,nan,0.0,0.0,0.0,0.0,0.5,0.5
nan,nan,1.5131229702092241e-05,0.00024163376656360924,1.5131229702092241e-05,0.00024163376656360924,nan,nan,nan,nan,0.0,0.0,0.0,0.0,0.5,0.5
nan,nan,1.5084217011462897e-05,0.000243867194512859,1.5084217011462897e-05,0.000243867194512859,nan,nan,nan,nan,-1.989378324651625e-05,0.02999127097427845,-0.01745329238474369,0.029411764815449715,0.5,0.5
nan,nan,1.5492847524001263e-05,0.0003022798628080636,1.5492847524001263e-05,0.0003022798628080636,nan,nan,nan,nan,-2.0289813619456254e-05,0.023540914058685303,-0.01745329238474369,0.0235294122248888,0.5,0.5
nan,nan,-0.00012149915710324422,0.007006860338151455,-0.00012149915710324422,0.007006860338151455,nan,nan,nan,nan,-2.0821573343710043e-05,0.02304191142320633,-0.01745329238474369,0.02294117584824562,0.5,0.5
nan,nan,-0.0006090349052101374,0.024532290175557137,-0.0006090349052101374,0.024532290175557137,nan,nan,nan,nan,6.165204104036093e-05,0.0223269984126091,0.0,0.021764704957604408,0.5,0.5
nan,nan,-0.0003736069775186479,0.0672055259346962,-0.0003736069775186479,0.0672055259346962,nan,nan,nan,nan,0.0004396213043946773,0.02135668881237507,0.0,0.021176470443606377,0.5,0.5
nan,nan,-0.0008040654938668013,0.0929914116859436,-0.0008040654938668013,0.0929914116859436,nan,nan,nan,nan,0.000570489966776222,0.01949014700949192,0.0,0.019411765038967133,0.5,0.5
nan,nan,-0.0009031873778440058,0.12027734518051147,-0.0009031873778440058,0.12027734518051147,nan,nan,nan,nan,0.0009986833902075887,0.01852070726454258,0.0,0.01823529414832592,0.5,0.5
nan,nan,-0.0004831876140087843,0.15289808809757233,-0.0004831876140087843,0.15289808809757233,nan,nan,nan,nan,0.001418877043761313,0.017229866236448288,0.0,0.017058823257684708,0.5,0.5
nan,nan,-0.0004944716929458082,0.2169392704963684,-0.0004944716929458082,0.2169392704963684,nan,nan,nan,nan,0.0014158082194626331,0.01582004874944687,0.0,0.015294117853045464,0.5,0.5
nan,nan,-0.001023985561914742,0.2775910496711731,-0.001023985561914742,0.2775910496711731,nan,nan,nan,nan,0.0015094029949977994,0.01316605880856514,0.0,0.012941176071763039,0.5,0.5
nan,nan,-0.0007643335266038775,0.3035357594490051,-0.0007643335266038775,0.3035357594490051,nan,nan,nan,nan,0.002261796500533819,0.010820703580975533,0.0,0.010588235221803188,0.5,0.5
nan,nan,-0.000876806618180126,0.331351101398468,-0.000876806618180126,0.331351101398468,nan,nan,nan,nan,0.002648737048730254,0.009730122052133083,0.0,0.009411764331161976,0.5,0.5
nan,nan,-0.000953430775552988,0.3775745630264282,-0.000953430775552988,0.3775745630264282,nan,nan,nan,nan,0.003231413196772337,0.008348032832145691,0.0,0.008235294371843338,0.5,0.5
nan,nan,-0.000781308684963733,0.4165056645870209,-0.000781308684963733,0.4165056645870209,nan,nan,nan,nan,0.004123002756386995,0.006337559316307306,0.0,0.0058823530562222,0.5,0.5
nan,nan,-0.0010624048300087452,0.43623387813568115,-0.0010624048300087452,0.43623387813568115,nan,nan,nan,nan,0.00500071607530117,0.004730944521725178,0.0,0.004705882165580988,0.5,0.5
nan,nan,-0.00117304059676826,0.4505945146083832,-0.00117304059676826,0.4505945146083832,nan,nan,nan,nan,0.006848316174000502,0.0037887347862124443,0.0,0.0035294117406010628,0.5,0.5
nan,nan,-0.0013740318827331066,0.47311487793922424,-0.0013740318827331066,0.47311487793922424,nan,nan,nan,nan,0.009427156299352646,0.0029977026861160994,0.0,0.0029411765281111,0.5,0.5
nan,nan,-0.0014688879018649459,0.48877862095832825,-0.0014688879018649459,0.48877862095832825,nan,nan,nan,nan,0.013834113255143166,0.001919196336530149,0.0,0.0017647058703005314,0.5,0.5
nan,nan,-0.00154283014126122,0.49752292037010193,-0.00154283014126122,0.49752292037010193,nan,nan,nan,nan,0.020846696570515633,0.001202740822918713,0.01745329238474369,0.001176470541395247,0.5,0.5
nan,nan,-0.0015695783076807857,0.503357470035553,-0.0015695783076807857,0.503357470035553,nan,nan,nan,nan,0.031951528042554855,0.000716517330147326,0.01745329238474369,0.0005882352706976235,0.5,0.5
nan,nan,-0.0015337764052674174,0.5150836706161499,-0.0015337764052674174,0.5150836706161499,nan,nan,nan,nan,0.031951528042554855,0.0,0.01745329238474369,0.0,0.5,0.5
nan,nan,-0.001474287360906601,0.5198879837989807,-0.001474287360906601,0.5198879837989807,nan,nan,nan,nan,0.031951528042554855,0.0,0.01745329238474369,0.0,0.5,0.5
nan,nan,-0.0014187406050041318,0.5245498418807983,-0.0014187406050041318,0.5245498418807983,nan,nan,nan,nan,0.031951528042554855,0.0,0.01745329238474369,0.0,0.5,0.5
nan,nan,-0.0013098231283947825,0.525001049041748,-0.0013098231283947825,0.525001049041748,nan,nan,nan,nan,0.031951528042554855,0.0,0.01745329238474369,0.0,0.5,0.5
nan,nan,-0.0012696438934653997,0.5238959789276123,-0.0012696438934653997,0.5238959789276123,nan,nan,nan,nan,0.031951528042554855,0.0,0.01745329238474369,0.0,0.5,0.5
nan,nan,-0.0013124012621119618,0.5254473686218262,-0.0013124012621119618,0.5254473686218262,nan,nan,nan,nan,0.031951528042554855,0.0,0.01745329238474369,0.0,0.5,0.5
nan,nan,-0.0012245930265635252,0.5258364081382751,-0.0012245930265635252,0.5258364081382751,nan,nan,nan,nan,0.031951528042554855,0.0,0.01745329238474369,0.0,0.5,0.5
nan,nan,-0.0012146710650995374,0.5251160860061646,-0.0012146710650995374,0.5251160860061646,nan,nan,nan,nan,0.031951528042554855,0.0,0.01745329238474369,0.0,0.5,0.5
nan,nan,-0.0012342269765213132,0.5257448554039001,-0.0012342269765213132,0.5257448554039001,nan,nan,nan,nan,0.031951528042554855,0.0,0.01745329238474369,0.0,0.5,0.5
nan,nan,-0.001181119354441762,0.5261532664299011,-0.001181119354441762,0.5261532664299011,nan,nan,nan,nan,0.031951528042554855,0.0,0.01745329238474369,0.0,0.5,0.5
nan,nan,-0.0012418091064319015,0.5259199738502502,-0.0012418091064319015,0.5259199738502502,nan,nan,nan,nan,1.659947395324707,0.015135103836655617,1.6580628156661987,0.014705882407724857,0.5,0.5
nan,nan,6.409859634004533e-05,0.5256012678146362,6.409859634004533e-05,0.5256012678146362,nan,nan,nan,nan,1.6989587545394897,0.011332114227116108,1.6929693222045898,0.011176470667123795,0.5,0.5
nan,nan,0.013903646729886532,0.5280162692070007,0.013903646729886532,0.5280162692070007,nan,nan,nan,nan,1.6914763450622559,0.01156685221940279,1.675516128540039,0.011176470667123795,0.5,0.5
nan,nan,0.012933931313455105,0.5273741483688354,0.012933931313455105,0.5273741483688354,nan,nan,nan,nan,1.6908360719680786,0.01071758009493351,1.675516128540039,0.010588235221803188,0.5,0.5
nan,nan,0.02355383150279522,0.5254654884338379,0.02355383150279522,0.5254654884338379,nan,nan,nan,nan,1.6893826723098755,0.010705222375690937,1.675516128540039,0.010588235221803188,0.5,0.5
nan,nan,0.0325823575258255,0.5243592262268066,0.0325823575258255,0.5243592262268066,nan,nan,nan,nan,1.6874096393585205,0.010113266296684742,1.675516128540039,0.009999999776482582,0.5,0.5
nan,nan,0.051911819726228714,0.5223327875137329,0.051911819726228714,0.5223327875137329,nan,nan,nan,nan,1.6858935356140137,0.009728394448757172,1.675516128540039,0.009411764331161976,0.5,0.5
nan,nan,0.06995382905006409,0.5205432772636414,0.06995382905006409,0.5205432772636414,nan,nan,nan,nan,1.6850489377975464,0.008898247964680195,1.675516128540039,0.008823529817163944,0.5,0.5
nan,nan,0.07680939137935638,0.5196899771690369,0.07680939137935638,0.5196899771690369,nan,nan,nan,nan,1.684834599494934,0.008192327804863453,1.675516128540039,0.007647058926522732,0.5,0.5
nan,nan,0.0948074460029602,0.5178112387657166,0.0948074460029602,0.5178112387657166,nan,nan,nan,nan,1.6844485998153687,0.007910518907010555,1.675516128540039,0.007647058926522732,0.5,0.5
nan,nan,0.13262934982776642,0.5141403079032898,0.13262934982776642,0.5141403079032898,nan,nan,nan,nan,1.684520959854126,0.007080250419676304,1.675516128540039,0.0070588234812021255,0.5,0.5
nan,nan,0.14688615500926971,0.5125806331634521,0.14688615500926971,0.5125806331634521,nan,nan,nan,nan,1.685867190361023,0.005570182576775551,1.675516128540039,0.005294117610901594,0.5,0.5
nan,nan,0.17619235813617706,0.5093327164649963,0.17619235813617706,0.5093327164649963,nan,nan,nan,nan,1.6872007846832275,0.005075608380138874,1.675516128540039,0.004705882165580988,0.5,0.5
nan,nan,0.19109399616718292,0.5078849792480469,0.19109399616718292,0.5078849792480469,nan,nan,nan,nan,1.6887867450714111,0.0037705102004110813,1.675516128540039,0.0035294117406010628,0.5,0.5
nan,nan,0.21757078170776367,0.5051326155662537,0.21757078170776367,0.5051326155662537,nan,nan,nan,nan,1.691299557685852,0.003190642688423395,1.675516128540039,0.0029411765281111,0.5,0.5
nan,nan,0.2249334454536438,0.5043497681617737,0.2249334454536438,0.5043497681617737,nan,nan,nan,nan,1.695598840713501,0.002007843228057027,1.6929693222045898,0.0017647058703005314,0.5,0.5
nan,nan,0.23607425391674042,0.5031432509422302,0.23607425391674042,0.5031432509422302,nan,nan,nan,nan,1.701350450515747,0.0016813852125778794,1.6929693222045898,0.001176470541395247,0.5,0.5
nan,nan,0.2508060336112976,0.5011818408966064,0.2508060336112976,0.5011818408966064,nan,nan,nan,nan,1.7093956470489502,0.001087358919903636,1.6929693222045898,0.0005882352706976235,0.5,0.5
nan,nan,0.2609138488769531,0.49998894333839417,0.2609138488769531,0.49998894333839417,nan,nan,nan,nan,1.7093956470489502,0.0,1.6929693222045898,0.0,0.5,0.5
nan,nan,0.26487997174263,0.499525249004364,0.26487997174263,0.499525249004364,nan,nan,nan,nan,1.7093956470489502,0.0,1.6929693222045898,0.0,0.5,0.5
nan,nan,0.2661823332309723,0.4993700385093689,0.2661823332309723,0.4993700385093689,nan,nan,nan,nan,1.7093956470489502,0.0,1.6929693222045898,0.0,0.5,0.5
nan,nan,0.26958250999450684,0.49878406524658203,0.26958250999450684,0.49878406524658203,nan,nan,nan,nan,1.7093956470489502,0.0,1.6929693222045898,0.0,0.5,0.5
nan,nan,0.27294155955314636,0.4983367919921875,0.27294155955314636,0.4983367919921875,nan,nan,nan,nan,1.7093956470489502,0.0,1.6929693222045898,0.0,0.5,0.5
nan,nan,0.27344387769699097,0.4982152283191681,0.27344387769699097,0.4982152283191681,nan,nan,nan,nan,1.7093956470489502,0.0,1.6929693222045898,0.0,0.5,0.5
nan,nan,0.26971226930618286,0.4986341893672943,0.26971226930618286,0.4986341893672943,nan,nan,nan,nan,1.7093956470489502,0.0,1.6929693222045898,0.0,0.5,0.5
nan,nan,0.27030545473098755,0.4985358715057373,0.27030545473098755,0.4985358715057373,nan,nan,nan,nan,1.7093956470489502,0.0,1.6929693222045898,0.0,0.5,0.5
nan,nan,0.27258163690567017,0.4982646107673645,0.27258163690567017,0.4982646107673645,nan,nan,nan,nan,1.7093956470489502,0.0,1.6929693222045898,0.0,0.5,0.5
nan,nan,0.2739488184452057,0.4980914294719696,0.2739488184452057,0.4980914294719696,nan,nan,nan,nan,1.7093956470489502,0.0,1.6929693222045898,0.0,0.5,0.5
nan,nan,0.2719740569591522,0.4983561635017395,0.2719740569591522,0.4983561635017395,nan,nan,nan,nan,-0.03769569844007492,0.030103016644716263,-0.05235987901687622,0.029999999329447746,0.5,0.5
nan,nan,0.2771470546722412,0.5026255249977112,0.2771470546722412,0.5026255249977112,nan,nan,nan,nan,-0.07695194333791733,0.024366872385144234,-0.0872664600610733,0.024117646738886833,0.5,0.5
nan,nan,0.27646422386169434,0.5180509090423584,0.27646422386169434,0.5180509090423584,nan,nan,nan,nan,-0.0702662393450737,0.022875793278217316,-0.0872664600610733,0.02235294133424759,0.5,0.5
nan,nan,0.2747375965118408,0.5227619409561157,0.2747375965118408,0.5227619409561157,nan,nan,nan,nan,-0.06553047895431519,0.02200501598417759,-0.06981316953897476,0.021764704957604408,0.5,0.5
nan,nan,0.27063223719596863,0.5697223544120789,0.27063223719596863,0.5697223544120789,nan,nan,nan,nan,-0.0611330009996891,0.02157180942595005,-0.06981316953897476,0.021176470443606377,0.5,0.5
nan,nan,0.2686392068862915,0.6024014949798584,0.2686392068862915,0.6024014949798584,nan,nan,nan,nan,-0.05714091658592224,0.01939086616039276,-0.06981316953897476,0.01882352866232395,0.5,0.5
nan,nan,0.2653435468673706,0.6508238911628723,0.2653435468673706,0.6508238911628723,nan,nan,nan,nan,-0.05408278852701187,0.01813800074160099,-0.06981316953897476,0.01764705963432789,0.5,0.5
nan,nan,0.26322123408317566,0.6831116676330566,0.26322123408317566,0.6831116676330566,nan,nan,nan,nan,-0.051224272698163986,0.016042379662394524,-0.05235987901687622,0.015882352367043495,0.5,0.5
nan,nan,0.25973832607269287,0.7421852946281433,0.25973832607269287,0.7421852946281433,nan,nan,nan,nan,-0.04855944961309433,0.0147668132558465,-0.05235987901687622,0.014705882407724857,0.5,0.5
nan,nan,0.2579289674758911,0.7703099250793457,0.2579289674758911,0.7703099250793457,nan,nan,nan,nan,-0.04585454985499382,0.012194001115858555,-0.05235987901687622,0.0117647061124444,0.5,0.5
nan,nan,0.25491973757743835,0.8229469060897827,0.25491973757743835,0.8229469060897827,nan,nan,nan,nan,-0.04303248971700668,0.011106379330158234,-0.05235987901687622,0.010588235221803188,0.5,0.5
nan,nan,0.25385794043540955,0.8461827635765076,0.25385794043540955,0.8461827635765076,nan,nan,nan,nan,-0.039674434810876846,0.008739830926060677,-0.05235987901687622,0.008235294371843338,0.5,0.5
nan,nan,0.25181636214256287,0.874525785446167,0.25181636214256287,0.874525785446167,nan,nan,nan,nan,-0.03646639734506607,0.007806654088199139,-0.05235987901687622,0.007647058926522732,0.5,0.5
nan,nan,0.24963098764419556,0.9145554900169373,0.24963098764419556,0.9145554900169373,nan,nan,nan,nan,-0.031865812838077545,0.006406300701200962,-0.03490658476948738,0.0058823530562222,0.5,0.5
nan,nan,0.24870462715625763,0.9516755938529968,0.24870462715625763,0.9516755938529968,nan,nan,nan,nan,-0.025612594559788704,0.0046751052141189575,-0.03490658476948738,0.004117647185921669,0.5,0.5
nan,nan,0.2474989891052246,0.9707009792327881,0.2474989891052246,0.9707009792327881,nan,nan,nan,nan,-0.019099855795502663,0.003119134344160557,-0.03490658476948738,0.0029411765281111,0.5,0.5
nan,nan,0.24662959575653076,0.9873548150062561,0.24662959575653076,0.9873548150062561,nan,nan,nan,nan,-0.00886875856667757,0.002247454831376672,-0.01745329238474369,0.0017647058703005314,0.5,0.5
nan,nan,0.24673572182655334,1.0099332332611084,0.24673572182655334,1.0099332332611084,nan,nan,nan,nan,0.007059313822537661,0.00134034245274961,0.0,0.001176470541395247,0.5,0.5
nan,nan,0.24642543494701385,1.0306841135025024,0.24642543494701385,1.0306841135025024,nan,nan,nan,nan,0.0302071925252676,0.0003071458195336163,0.01745329238474369,0.0,0.5,0.5
nan,nan,0.2463143914937973,1.0352466106414795,0.2463143914937973,1.0352466106414795,nan,nan,nan,nan,0.0302071925252676,0.0,0.01745329238474369,0.0,0.5,0.5
nan,nan,0.24676139652729034,1.0344023704528809,0.24676139652729034,1.0344023704528809,nan,nan,nan,nan,0.0302071925252676,0.0,0.01745329238474369,0.0,0.5,0.5
nan,nan,0.247469961643219,1.0361847877502441,0.247469961643219,1.0361847877502441,nan,nan,nan,nan,0.0302071925252676,0.0,0.01745329238474369,0.0,0.5,0.5
nan,nan,0.24751034379005432,1.0450628995895386,0.24751034379005432,1.0450628995895386,nan,nan,nan,nan,0.0302071925252676,0.0,0.01745329238474369,0.0,0.5,0.5
nan,nan,0.24766431748867035,1.0436406135559082,0.24766431748867035,1.0436406135559082,nan,nan,nan,nan,0.0302071925252676,0.0,0.01745329238474369,0.0,0.5,0.5
nan,nan,0.24830149114131927,1.0390928983688354,0.24830149114131927,1.0390928983688354,nan,nan,nan,nan,0.0302071925252676,0.0,0.01745329238474369,0.0,0.5,0.5
nan,nan,0.24839907884597778,1.0422700643539429,0.24839907884597778,1.0422700643539429,nan,nan,nan,nan,0.0302071925252676,0.0,0.01745329238474369,0.0,0.5,0.5
nan,nan,0.24829483032226562,1.045121192932129,0.24829483032226562,1.045121192932129,nan,nan,nan,nan,0.0302071925252676,0.0,0.01745329238474369,0.0,0.5,0.5
nan,nan,0.24856865406036377,1.0414873361587524,0.24856865406036377,1.0414873361587524,nan,nan,nan,nan,0.0302071925252676,0.0,0.01745329238474369,0.0,0.5,0.5
nan,nan,0.24883486330509186,1.040655255317688,0.24883486330509186,1.040655255317688,nan,nan,nan,nan,0.0302071925252676,0.0,0.01745329238474369,0.0,0.5,0.5
nan,nan,0.24888837337493896,1.0435248613357544,0.24888837337493896,1.0435248613357544,nan,nan,nan,nan,1.6211798191070557,0.04515852779150009,1.6057028770446777,0.04470588266849518,0.5,0.5
nan,nan,0.2797248065471649,1.0509964227676392,0.2797248065471649,1.0509964227676392,nan,nan,nan,nan,1.6393269300460815,0.03896515816450119,1.623156189918518,0.038823530077934265,0.5,0.5
nan,nan,0.29295024275779724,1.046636700630188,0.29295024275779724,1.046636700630188,nan,nan,nan,nan,1.6398742198944092,0.03293437510728836,1.623156189918518,0.03235294297337532,0.5,0.5
nan,nan,0.31240004301071167,1.0420253276824951,0.31240004301071167,1.0420253276824951,nan,nan,nan,nan,1.6389272212982178,0.03271405026316643,1.623156189918518,0.03235294297337532,0.5,0.5
nan,nan,0.3941229581832886,1.0371484756469727,0.3941229581832886,1.0371484756469727,nan,nan,nan,nan,1.6368086338043213,0.031174039468169212,1.623156189918518,0.030588235706090927,0.5,0.5
nan,nan,0.49497276544570923,1.0303508043289185,0.49497276544570923,1.0303508043289185,nan,nan,nan,nan,1.6353988647460938,0.027602700516581535,1.623156189918518,0.02705882303416729,0.5,0.5
nan,nan,0.5413920879364014,1.0276795625686646,0.5413920879364014,1.0276795625686646,nan,nan,nan,nan,1.6341428756713867,0.023615432903170586,1.623156189918518,0.0235294122248888,0.5,0.5
nan,nan,0.586230456829071,1.0253243446350098,0.586230456829071,1.0253243446350098,nan,nan,nan,nan,1.6332967281341553,0.0217558816075325,1.623156189918518,0.021176470443606377,0.5,0.5
nan,nan,0.67475426197052,1.0204899311065674,0.67475426197052,1.0204899311065674,nan,nan,nan,nan,1.6328884363174438,0.019562121480703354,1.623156189918518,0.019411765038967133,0.5,0.5
nan,nan,0.7185017466545105,1.0181336402893066,0.7185017466545105,1.0181336402893066,nan,nan,nan,nan,1.6329861879348755,0.015781952068209648,1.623156189918518,0.015294117853045464,0.5,0.5
nan,nan,0.7933892607688904,1.0146149396896362,0.7933892607688904,1.0146149396896362,nan,nan,nan,nan,1.633399248123169,0.014038621447980404,1.623156189918518,0.013529411517083645,0.5,0.5
nan,nan,0.8247775435447693,1.0125606060028076,0.8247775435447693,1.0125606060028076,nan,nan,nan,nan,1.634849190711975,0.010677327401936054,1.623156189918518,0.010588235221803188,0.5,0.5
nan,nan,0.8791260719299316,1.0099189281463623,0.8791260719299316,1.0099189281463623,nan,nan,nan,nan,1.6361321210861206,0.00936057884246111,1.623156189918518,0.008823529817163944,0.5,0.5
nan,nan,0.8990552425384521,1.0089538097381592,0.8990552425384521,1.0089538097381592,nan,nan,nan,nan,1.6385830640792847,0.00678557762876153,1.623156189918518,0.006470588035881519,0.5,0.5
nan,nan,0.92316073179245,1.0076379776000977,0.92316073179245,1.0076379776000977,nan,nan,nan,nan,1.6417367458343506,0.005869265645742416,1.6406095027923584,0.005294117610901594,0.5,0.5
nan,nan,0.963897168636322,1.0048774480819702,0.963897168636322,1.0048774480819702,nan,nan,nan,nan,1.6459214687347412,0.004494963679462671,1.6406095027923584,0.004117647185921669,0.5,0.5
nan,nan,0.9979926943778992,1.0034279823303223,0.9979926943778992,1.0034279823303223,nan,nan,nan,nan,1.6510891914367676,0.002688857028260827,1.6406095027923584,0.002352941082790494,0.5,0.5
nan,nan,1.0125362873077393,1.0022834539413452,1.0125362873077393,1.0022834539413452,nan,nan,nan,nan,1.6624549627304077,0.001244834391400218,1.6580628156661987,0.001176470541395247,0.5,0.5
nan,nan,1.0236493349075317,1.001275897026062,1.0236493349075317,1.001275897026062,nan,nan,nan,nan,1.6801706552505493,0.0005119613488204777,1.675516128540039,0.0,0.5,0.5
