est_x,est_y,odom_x,odom_y,gt_x,gt_y,cov_x,cov_y,cov_xy,cov_yx,heading_cmd,speed_cmd,heading,speed,setpoint_x,setpoint_y
nan,nan,0.0,0.0,0.0,0.0,nan,nan,nan,nan,0.0,0.029999999329447746,0.0,0.029411764815449715,0.5,0.5
nan,nan,0.006486318074166775,0.05245949327945709,0.006486318074166775,0.05245949327945709,nan,nan,nan,nan,0.06946291029453278,0.014466260559856892,0.05235987901687622,0.014117646962404251,0.5,0.5
nan,nan,0.010561728850007057,0.15588508546352386,0.010561728850007057,0.15588508546352386,nan,nan,nan,nan,0.06927913427352905,0.047697972506284714,0.05235987901687622,0.047647058963775635,0.5,0.5
nan,nan,0.009178891777992249,0.19734732806682587,0.009178891777992249,0.19734732806682587,nan,nan,nan,nan,0.3109326660633087,0.0,0.296705961227417,0.0,0.5,0.5
nan,nan,0.014537189155817032,0.22404734790325165,0.014537189155817032,0.22404734790325165,nan,nan,nan,nan,0.0778273269534111,0.0,0.06981316953897476,0.0,0.5,0.5
nan,nan,0.039556991308927536,0.26061856746673584,0.039556991308927536,0.26061856746673584,nan,nan,nan,nan,-0.009072945453226566,0.0,-0.01745329238474369,0.0,0.5,0.5
nan,nan,0.03454190120100975,0.24445554614067078,0.03454190120100975,0.24445554614067078,nan,nan,nan,nan,-0.3312647342681885,0.03856496512889862,-0.33161255717277527,0.038235295563936234,0.5,0.5
nan,nan,0.02722623571753502,0.22127985954284668,0.02722623571753502,0.22127985954284668,nan,nan,nan,nan,-0.022562090307474136,0.01236027292907238,-0.03490658476948738,0.012352941557765007,0.5,0.5
nan,nan,0.03314271941781044,0.2507207691669464,0.03314271941781044,0.2507207691669464,nan,nan,nan,nan,-0.05290820449590683,0.019180558621883392,-0.06981316953897476,0.01882352866232395,0.5,0.5
nan,nan,0.03465930372476578,0.26086679100990295,0.03465930372476578,0.26086679100990295,nan,nan,nan,nan,0.02341585047543049,0.017237557098269463,0.01745329238474369,0.017058823257684708,0.5,0.5
nan,nan,0.02113501727581024,0.266467422246933,0.02113501727581024,0.266467422246933,nan,nan,nan,nan,0.21702148020267487,0.0,0.20943951606750488,0.0,0.5,0.5
nan,nan,0.017900893464684486,0.2738124132156372,0.017900893464684486,0.2738124132156372,nan,nan,nan,nan,-0.11518681049346924,0.06484035402536392,-0.12217304855585098,0.06470588594675064,0.5,0.5
nan,nan,0.03062053583562374,0.30356279015541077,0.03062053583562374,0.30356279015541077,nan,nan,nan,nan,-0.584143340587616,0.0,-0.593411922454834,0.0,0.5,0.5
nan,nan,0.01588764414191246,0.37957853078842163,0.01588764414191246,0.37957853078842163,nan,nan,nan,nan,-0.1523769199848175,0.0,-0.15707963705062866,0.0,0.5,0.5
nan,nan,-0.01191602274775505,0.4125141203403473,-0.01191602274775505,0.4125141203403473,nan,nan,nan,nan,-0.3749152719974518,0.0,-0.3839724361896515,0.0,0.5,0.5
nan,nan,-0.03184262290596962,0.41790884733200073,-0.03184262290596962,0.41790884733200073,nan,nan,nan,nan,0.27965283393859863,0.04475529119372368,0.27925267815589905,0.04470588266849518,0.5,0.5
nan,nan,-0.02026759274303913,0.4222445487976074,-0.02026759274303913,0.4222445487976074,nan,nan,nan,nan,0.24047094583511353,0.0,0.22689279913902283,0.0,0.5,0.5
nan,nan,-0.022911392152309418,0.45096278190612793,-0.022911392152309418,0.45096278190612793,nan,nan,nan,nan,-0.0281933955848217,0.06510216742753983,-0.03490658476948738,0.06470588594675064,0.5,0.5
nan,nan,-0.029351746663451195,0.4567297399044037,-0.029351746663451195,0.4567297399044037,nan,nan,nan,nan,-0.27892380952835083,0.0,-0.27925267815589905,0.0,0.5,0.5
nan,nan,-0.01853674277663231,0.4728436768054962,-0.01853674277663231,0.4728436768054962,nan,nan,nan,nan,1.7165573835372925,7.265526801347733e-05,1.7104226350784302,0.0,0.5,0.5
nan,nan,-0.018676796928048134,0.48119017481803894,-0.018676796928048134,0.48119017481803894,nan,nan,nan,nan,0.2867775857448578,0.0,0.27925267815589905,0.0,0.5,0.5
nan,nan,-0.02702026627957821,0.4742717742919922,-0.02702026627957821,0.4742717742919922,nan,nan,nan,nan,1.7848715782165527,0.027348756790161133,1.7802358865737915,0.02705882303416729,0.5,0.5
nan,nan,-0.02773144282400608,0.46131277084350586,-0.02773144282400608,0.46131277084350586,nan,nan,nan,nan,2.3143863677978516,0.009144295938313007,2.3038346767425537,0.008823529817163944,0.5,0.5
nan,nan,-0.045191098004579544,0.455658495426178,-0.045191098004579544,0.455658495426178,nan,nan,nan,nan,0.6797888875007629,0.0005275369621813297,0.6632251143455505,0.0,0.5,0.5
nan,nan,-0.04813609644770622,0.4531681537628174,-0.04813609644770622,0.4531681537628174,nan,nan,nan,nan,0.5749982595443726,0.0,0.5585053563117981,0.0,0.5,0.5
nan,nan,-0.049390535801649094,0.451480507850647,-0.049390535801649094,0.451480507850647,nan,nan,nan,nan,0.5749982595443726,0.0,0.5585053563117981,0.0,0.5,0.5
nan,nan,-0.04980940371751785,0.4470609724521637,-0.04980940371751785,0.4470609724521637,nan,nan,nan,nan,0.5749982595443726,0.0,0.5585053563117981,0.0,0.5,0.5
nan,nan,-0.04969993233680725,0.45081838965415955,-0.04969993233680725,0.45081838965415955,nan,nan,nan,nan,0.5749982595443726,0.0,0.5585053563117981,0.0,0.5,0.5
nan,nan,-0.04969993233680725,0.45081838965415955,-0.04969993233680725,0.45081838965415955,nan,nan,nan,nan,0.5749982595443726,0.0,0.5585053563117981,0.0,0.5,0.5
nan,nan,-0.04969993233680725,0.45081838965415955,-0.04969993233680725,0.45081838965415955,nan,nan,nan,nan,0.5749982595443726,0.0,0.5585053563117981,0.0,0.5,0.5
nan,nan,-0.049869224429130554,0.44779834151268005,-0.049869224429130554,0.44779834151268005,nan,nan,nan,nan,0.5749982595443726,0.0,0.5585053563117981,0.0,0.5,0.5
nan,nan,-0.049768444150686264,0.45119068026542664,-0.049768444150686264,0.45119068026542664,nan,nan,nan,nan,0.5749982595443726,0.0,0.5585053563117981,0.0,0.5,0.5
nan,nan,-0.04975982755422592,0.45136579871177673,-0.04975982755422592,0.45136579871177673,nan,nan,nan,nan,0.5749982595443726,0.0,0.5585053563117981,0.0,0.5,0.5
nan,nan,-0.0497848242521286,0.4509727954864502,-0.0497848242521286,0.4509727954864502,nan,nan,nan,nan,0.5749982595443726,0.0,0.5585053563117981,0.0,0.5,0.5
nan,nan,-0.0497848242521286,0.4509727954864502,-0.0497848242521286,0.4509727954864502,nan,nan,nan,nan,0.5749982595443726,0.0,0.5585053563117981,0.0,0.5,0.5
nan,nan,-0.05070294812321663,0.45348143577575684,-0.05070294812321663,0.45348143577575684,nan,nan,nan,nan,1.49747896194458,0.017392143607139587,1.483529806137085,0.017058823257684708,0.5,0.5
nan,nan,-0.04979775473475456,0.456594854593277,-0.04979775473475456,0.456594854593277,nan,nan,nan,nan,1.374540090560913,0.02191019617021084,1.3613568544387817,0.021764704957604408,0.5,0.5
nan,nan,-0.04917680472135544,0.4557938277721405,-0.04917680472135544,0.4557938277721405,nan,nan,nan,nan,1.6204514503479004,0.05079204589128494,1.6057028770446777,0.05058823525905609,0.5,0.5
nan,nan,-0.034709103405475616,0.45147329568862915,-0.034709103405475616,0.45147329568862915,nan,nan,nan,nan,1.391305685043335,0.025373365730047226,1.378810167312622,0.025294117629528046,0.5,0.5
nan,nan,0.026366211473941803,0.4469059109687805,0.026366211473941803,0.4469059109687805,nan,nan,nan,nan,1.4013087749481201,0.0,1.3962633609771729,0.0,0.5,0.5
nan,nan,0.04565258324146271,0.448274165391922,0.04565258324146271,0.448274165391922,nan,nan,nan,nan,1.2789455652236938,0.0,1.2740904092788696,0.0,0.5,0.5
nan,nan,0.03256971389055252,0.4567788243293762,0.03256971389055252,0.4567788243293762,nan,nan,nan,nan,1.192547082901001,0.0,1.186823844909668,0.0,0.5,0.5
nan,nan,0.028106393292546272,0.45276984572410583,0.028106393292546272,0.45276984572410583,nan,nan,nan,nan,1.636203408241272,0.016136782243847847,1.623156189918518,0.015882352367043495,0.5,0.5
nan,nan,0.04052159935235977,0.44292202591896057,0.04052159935235977,0.44292202591896057,nan,nan,nan,nan,1.4503084421157837,0.03623651713132858,1.4486232995986938,0.03588235378265381,0.5,0.5
nan,nan,0.03846967592835426,0.4519816040992737,0.03846967592835426,0.4519816040992737,nan,nan,nan,nan,1.574147343635559,0.08083678036928177,1.5707963705062866,0.08058823645114899,0.5,0.5
nan,nan,0.05455496907234192,0.47114479541778564,0.05455496907234192,0.47114479541778564,nan,nan,nan,nan,1.1814793348312378,0.0,1.1693706512451172,0.0,0.5,0.5
nan,nan,0.0567946583032608,0.47517240047454834,0.0567946583032608,0.47517240047454834,nan,nan,nan,nan,1.5875325202941895,0.0,1.5707963705062866,0.0,0.5,0.5
nan,nan,0.06861592829227448,0.45948049426078796,0.06861592829227448,0.45948049426078796,nan,nan,nan,nan,1.344218373298645,0.0,1.3439035415649414,0.0,0.5,0.5
nan,nan,0.057871948927640915,0.44730260968208313,0.057871948927640915,0.44730260968208313,nan,nan,nan,nan,1.3039718866348267,0.0,1.2915436029434204,0.0,0.5,0.5
nan,nan,0.047491174191236496,0.44802454113960266,0.047491174191236496,0.44802454113960266,nan,nan,nan,nan,1.2912237644195557,0.09734857082366943,1.2740904092788696,0.09705882519483566,0.5,0.5
nan,nan,0.04400716349482536,0.476487398147583,0.04400716349482536,0.476487398147583,nan,nan,nan,nan,1.266312837600708,0.00351017527282238,1.2566370964050293,0.0029411765281111,0.5,0.5
nan,nan,0.06956199556589127,0.4789148271083832,0.06956199556589127,0.4789148271083832,nan,nan,nan,nan,1.3382619619369507,0.0,1.326450228691101,0.0,0.5,0.5
nan,nan,0.07083561271429062,0.480605810880661,0.07083561271429062,0.480605810880661,nan,nan,nan,nan,1.8239866495132446,0.03734182193875313,1.8151423931121826,0.03705882281064987,0.5,0.5
nan,nan,0.05683419480919838,0.4843716621398926,0.05683419480919838,0.4843716621398926,nan,nan,nan,nan,1.6428444385528564,0.018416164442896843,1.6406095027923584,0.01823529414832592,0.5,0.5
nan,nan,0.058824677020311356,0.4863791763782501,0.058824677020311356,0.4863791763782501,nan,nan,nan,nan,1.3872954845428467,0.0,1.378810167312622,0.0,0.5,0.5
nan,nan,0.050093866884708405,0.4911854565143585,0.050093866884708405,0.4911854565143585,nan,nan,nan,nan,1.07901132106781,0.02880643680691719,1.0646508932113647,0.028235293924808502,0.5,0.5
nan,nan,0.05919007211923599,0.4843708276748657,0.05919007211923599,0.4843708276748657,nan,nan,nan,nan,1.8481274843215942,0.021611904725432396,1.832595705986023,0.021176470443606377,0.5,0.5
nan,nan,0.0572224035859108,0.4828951060771942,0.0572224035859108,0.4828951060771942,nan,nan,nan,nan,1.308465838432312,0.006600009277462959,1.2915436029434204,0.006470588035881519,0.5,0.5
nan,nan,0.056884102523326874,0.48167213797569275,0.056884102523326874,0.48167213797569275,nan,nan,nan,nan,2.032212972640991,0.0,2.0245819091796875,0.0,0.5,0.5
nan,nan,0.05744021013379097,0.48320791125297546,0.05744021013379097,0.48320791125297546,nan,nan,nan,nan,1.3655636310577393,0.10100264847278595,1.3613568544387817,0.10058823227882385,0.5,0.5
nan,nan,0.058931607753038406,0.4841170608997345,0.058931607753038406,0.4841170608997345,nan,nan,nan,nan,1.3685952425003052,0.0,1.3613568544387817,0.0,0.5,0.5
